clip	duration[ms]
common_voice_fr_41131293.mp3	5688
common_voice_fr_40985323.mp3	3816
common_voice_fr_41034105.mp3	3960
common_voice_fr_40954101.mp3	6012
common_voice_fr_41144014.mp3	5040
common_voice_fr_41062936.mp3	6264
common_voice_fr_41065367.mp3	5292
common_voice_fr_41072152.mp3	7308
common_voice_fr_41065299.mp3	3636
common_voice_fr_40915762.mp3	5220
common_voice_fr_40899635.mp3	5508
common_voice_fr_41208952.mp3	5220
common_voice_fr_41092849.mp3	5004
common_voice_fr_41208986.mp3	4140
common_voice_fr_40928795.mp3	5112
common_voice_fr_41023897.mp3	3888
common_voice_fr_41034061.mp3	4572
common_voice_fr_41109745.mp3	3780
common_voice_fr_41084248.mp3	5220
common_voice_fr_41131291.mp3	4284
common_voice_fr_41022487.mp3	2232
common_voice_fr_40925692.mp3	3420
common_voice_fr_40881996.mp3	5796
common_voice_fr_41106236.mp3	6264
common_voice_fr_40896130.mp3	5796
common_voice_fr_41065345.mp3	3384
common_voice_fr_41102719.mp3	3600
common_voice_fr_41155486.mp3	5940
common_voice_fr_41155450.mp3	3960
common_voice_fr_41189646.mp3	5544
common_voice_fr_41109741.mp3	3276
common_voice_fr_41029049.mp3	4716
common_voice_fr_40985235.mp3	6120
common_voice_fr_41102686.mp3	5328
common_voice_fr_41065371.mp3	4320
common_voice_fr_40954110.mp3	4320
common_voice_fr_40928805.mp3	3780
common_voice_fr_41105034.mp3	5796
common_voice_fr_41023922.mp3	7488
common_voice_fr_41022212.mp3	4068
common_voice_fr_41023927.mp3	4788
common_voice_fr_41065337.mp3	4680
common_voice_fr_41106173.mp3	4896
common_voice_fr_41106175.mp3	5976
common_voice_fr_41131274.mp3	1332
common_voice_fr_41022094.mp3	2916
common_voice_fr_41100465.mp3	5328
common_voice_fr_41199420.mp3	5004
common_voice_fr_41131330.mp3	4140
common_voice_fr_41171945.mp3	3420
common_voice_fr_40952138.mp3	8964
common_voice_fr_40954160.mp3	4428
common_voice_fr_41065373.mp3	3564
common_voice_fr_41065349.mp3	5508
common_voice_fr_41084280.mp3	3996
common_voice_fr_41102665.mp3	4464
common_voice_fr_40908298.mp3	4644
common_voice_fr_41106161.mp3	4392
common_voice_fr_41100466.mp3	6156
common_voice_fr_41189645.mp3	4104
common_voice_fr_41155482.mp3	7380
common_voice_fr_41024007.mp3	5868
common_voice_fr_41034023.mp3	5976
common_voice_fr_40979106.mp3	5616
common_voice_fr_41208974.mp3	4068
common_voice_fr_41105043.mp3	7452
common_voice_fr_41074122.mp3	6552
common_voice_fr_41144012.mp3	5256
common_voice_fr_40888146.mp3	3456
common_voice_fr_41024147.mp3	6156
common_voice_fr_40979115.mp3	3564
common_voice_fr_41022233.mp3	3276
common_voice_fr_40925674.mp3	5652
common_voice_fr_41072154.mp3	8136
common_voice_fr_40908301.mp3	3636
common_voice_fr_41034078.mp3	5940
common_voice_fr_41024055.mp3	3888
common_voice_fr_41100438.mp3	6408
common_voice_fr_41084264.mp3	4248
common_voice_fr_41062692.mp3	5940
common_voice_fr_41024107.mp3	6048
common_voice_fr_40874507.mp3	5040
common_voice_fr_41131325.mp3	2700
common_voice_fr_41106176.mp3	5904
common_voice_fr_41088796.mp3	7920
common_voice_fr_41103492.mp3	6156
common_voice_fr_41102688.mp3	5364
common_voice_fr_41024158.mp3	5400
common_voice_fr_41082324.mp3	6912
common_voice_fr_41065374.mp3	3096
common_voice_fr_41023928.mp3	5940
common_voice_fr_41084270.mp3	5220
common_voice_fr_40908387.mp3	5292
common_voice_fr_41100468.mp3	4644
common_voice_fr_41034079.mp3	3348
common_voice_fr_40987658.mp3	4104
common_voice_fr_40979110.mp3	5112
common_voice_fr_40896136.mp3	2376
common_voice_fr_40925671.mp3	6516
common_voice_fr_41023924.mp3	4500
common_voice_fr_40896126.mp3	6120
common_voice_fr_41024037.mp3	3600
common_voice_fr_41024060.mp3	3096
common_voice_fr_40871156.mp3	6948
common_voice_fr_40928812.mp3	7164
common_voice_fr_40928784.mp3	4968
common_voice_fr_41071835.mp3	5328
common_voice_fr_40896132.mp3	6660
common_voice_fr_41105037.mp3	5688
common_voice_fr_40985236.mp3	5040
common_voice_fr_41084849.mp3	7236
common_voice_fr_41065309.mp3	3960
common_voice_fr_40954121.mp3	5112
common_voice_fr_40908303.mp3	3060
common_voice_fr_40951447.mp3	4464
common_voice_fr_40910554.mp3	5112
common_voice_fr_41084286.mp3	3348
common_voice_fr_41020938.mp3	4896
common_voice_fr_41100424.mp3	4392
common_voice_fr_40925686.mp3	5868
common_voice_fr_40982179.mp3	5220
common_voice_fr_40928785.mp3	6480
common_voice_fr_40928774.mp3	6120
common_voice_fr_41074120.mp3	6048
common_voice_fr_41084254.mp3	3600
common_voice_fr_41166067.mp3	5148
common_voice_fr_41065290.mp3	4500
common_voice_fr_40979119.mp3	2772
common_voice_fr_41058871.mp3	5508
common_voice_fr_40908306.mp3	5940
common_voice_fr_41131337.mp3	4500
common_voice_fr_41024221.mp3	4104
common_voice_fr_41022353.mp3	4968
common_voice_fr_41029056.mp3	5436
common_voice_fr_41106209.mp3	4392
common_voice_fr_41065405.mp3	5652
common_voice_fr_41074126.mp3	7164
common_voice_fr_41024017.mp3	6120
common_voice_fr_41022450.mp3	4968
common_voice_fr_41022415.mp3	3816
common_voice_fr_41071834.mp3	4500
common_voice_fr_41102681.mp3	2160
common_voice_fr_40908381.mp3	2556
common_voice_fr_41021120.mp3	2772
common_voice_fr_41022493.mp3	2016
common_voice_fr_40985301.mp3	4068
common_voice_fr_41065365.mp3	5184
common_voice_fr_41020620.mp3	5940
common_voice_fr_41102722.mp3	4356
common_voice_fr_41022435.mp3	4896
common_voice_fr_40887934.mp3	5040
common_voice_fr_40923094.mp3	5220
common_voice_fr_41024001.mp3	3888
common_voice_fr_40928772.mp3	8604
common_voice_fr_41022505.mp3	2376
common_voice_fr_41189643.mp3	4860
common_voice_fr_41023909.mp3	5256
common_voice_fr_41021028.mp3	3060
common_voice_fr_41065387.mp3	4752
common_voice_fr_41102678.mp3	3564
common_voice_fr_41071802.mp3	6264
common_voice_fr_41022377.mp3	2304
common_voice_fr_40890911.mp3	13860
common_voice_fr_40985319.mp3	4752
common_voice_fr_41023991.mp3	6516
common_voice_fr_41020606.mp3	4284
common_voice_fr_40922328.mp3	5616
common_voice_fr_41166112.mp3	6264
common_voice_fr_41065321.mp3	2988
common_voice_fr_41054913.mp3	3384
common_voice_fr_40925670.mp3	7920
common_voice_fr_40923112.mp3	6300
common_voice_fr_41065300.mp3	2376
common_voice_fr_41022388.mp3	4212
common_voice_fr_41021122.mp3	2772
common_voice_fr_41065333.mp3	5472
common_voice_fr_40985257.mp3	6768
common_voice_fr_40979121.mp3	5760
common_voice_fr_40884082.mp3	5796
common_voice_fr_41054915.mp3	9000
common_voice_fr_40887933.mp3	7308
common_voice_fr_40908322.mp3	4680
common_voice_fr_40915760.mp3	7200
common_voice_fr_41062929.mp3	7200
common_voice_fr_40899639.mp3	4320
common_voice_fr_41189683.mp3	11196
common_voice_fr_41106165.mp3	6120
common_voice_fr_40908360.mp3	3384
common_voice_fr_41007277.mp3	7344
common_voice_fr_41082360.mp3	4284
common_voice_fr_41065396.mp3	3780
common_voice_fr_41024143.mp3	3348
common_voice_fr_40985242.mp3	5580
common_voice_fr_41022379.mp3	3240
common_voice_fr_41024194.mp3	4176
common_voice_fr_40908389.mp3	6120
common_voice_fr_41102714.mp3	3168
common_voice_fr_41102708.mp3	2484
common_voice_fr_41102653.mp3	3312
common_voice_fr_40908297.mp3	6840
common_voice_fr_40871137.mp3	6480
common_voice_fr_41022172.mp3	1620
common_voice_fr_41023994.mp3	4860
common_voice_fr_41072144.mp3	5364
common_voice_fr_41106180.mp3	4320
common_voice_fr_40928782.mp3	5148
common_voice_fr_40908400.mp3	4860
common_voice_fr_41065289.mp3	5292
common_voice_fr_40928792.mp3	5040
common_voice_fr_41034110.mp3	5760
common_voice_fr_41106168.mp3	7344
common_voice_fr_41065317.mp3	4392
common_voice_fr_40881984.mp3	5904
common_voice_fr_40889946.mp3	8460
common_voice_fr_40985297.mp3	3600
common_voice_fr_41082349.mp3	5472
common_voice_fr_41065330.mp3	2556
common_voice_fr_41022371.mp3	2628
common_voice_fr_41022373.mp3	1872
common_voice_fr_40871150.mp3	11160
common_voice_fr_40908374.mp3	5760
common_voice_fr_41034106.mp3	4896
common_voice_fr_41065306.mp3	3096
common_voice_fr_41034044.mp3	5184
common_voice_fr_40928155.mp3	8028
common_voice_fr_41021121.mp3	2916
common_voice_fr_41099025.mp3	5580
common_voice_fr_40874505.mp3	2340
common_voice_fr_41103491.mp3	5364
common_voice_fr_41021037.mp3	3744
common_voice_fr_41131289.mp3	4608
common_voice_fr_41145291.mp3	3816
common_voice_fr_41023957.mp3	4500
common_voice_fr_41100467.mp3	3708
common_voice_fr_40989309.mp3	4068
common_voice_fr_41023989.mp3	5868
common_voice_fr_41022203.mp3	3024
common_voice_fr_41023890.mp3	5688
common_voice_fr_40979112.mp3	4788
common_voice_fr_41024108.mp3	6120
common_voice_fr_41022187.mp3	2700
common_voice_fr_41020611.mp3	5688
common_voice_fr_40985317.mp3	5040
common_voice_fr_41022509.mp3	4860
common_voice_fr_40985244.mp3	5796
common_voice_fr_41024043.mp3	5796
common_voice_fr_41022242.mp3	4032
common_voice_fr_40928154.mp3	12960
common_voice_fr_40908343.mp3	4032
common_voice_fr_40928158.mp3	6624
common_voice_fr_41022495.mp3	3672
common_voice_fr_40908394.mp3	3132
common_voice_fr_40928769.mp3	6300
common_voice_fr_41024191.mp3	5184
common_voice_fr_40908169.mp3	5760
common_voice_fr_41020610.mp3	4068
common_voice_fr_41020985.mp3	3960
common_voice_fr_41022171.mp3	2196
common_voice_fr_40908314.mp3	3708
common_voice_fr_41084291.mp3	6228
common_voice_fr_41071804.mp3	3312
common_voice_fr_41155409.mp3	6696
common_voice_fr_41103490.mp3	8712
common_voice_fr_41023899.mp3	6228
common_voice_fr_41171947.mp3	4968
common_voice_fr_41020984.mp3	5112
common_voice_fr_40923093.mp3	5220
common_voice_fr_41024126.mp3	2448
common_voice_fr_41024130.mp3	4248
common_voice_fr_41155427.mp3	6228
common_voice_fr_41024111.mp3	4320
common_voice_fr_41194972.mp3	6696
common_voice_fr_41155505.mp3	6300
common_voice_fr_41034020.mp3	4608
common_voice_fr_41022399.mp3	2412
common_voice_fr_41209766.mp3	6408
common_voice_fr_41131309.mp3	2844
common_voice_fr_41071796.mp3	5796
common_voice_fr_41102724.mp3	2196
common_voice_fr_41024127.mp3	4068
common_voice_fr_41023910.mp3	6696
common_voice_fr_41165892.mp3	2268
common_voice_fr_40899631.mp3	8640
common_voice_fr_41024085.mp3	4176
common_voice_fr_41034077.mp3	5832
common_voice_fr_41022485.mp3	3996
common_voice_fr_41024015.mp3	3708
common_voice_fr_41106193.mp3	4860
common_voice_fr_41023888.mp3	6768
common_voice_fr_40985208.mp3	6372
common_voice_fr_41020617.mp3	5400
common_voice_fr_41022424.mp3	5364
common_voice_fr_41023941.mp3	4140
common_voice_fr_41065315.mp3	4464
common_voice_fr_40908371.mp3	2304
common_voice_fr_41131358.mp3	4032
common_voice_fr_41084271.mp3	3636
common_voice_fr_41194984.mp3	3996
common_voice_fr_41102713.mp3	4392
common_voice_fr_41023967.mp3	3276
common_voice_fr_41023945.mp3	4536
common_voice_fr_41071842.mp3	4392
common_voice_fr_40896133.mp3	2412
common_voice_fr_41084277.mp3	2916
common_voice_fr_40928789.mp3	4680
common_voice_fr_41065353.mp3	3528
common_voice_fr_41071820.mp3	4572
common_voice_fr_41074123.mp3	8820
common_voice_fr_41024209.mp3	4104
common_voice_fr_41022417.mp3	5580
common_voice_fr_41034066.mp3	3240
common_voice_fr_41084275.mp3	3960
common_voice_fr_41024190.mp3	6660
common_voice_fr_41131338.mp3	1800
common_voice_fr_40923115.mp3	4572
common_voice_fr_41034109.mp3	5400
common_voice_fr_40925704.mp3	7992
common_voice_fr_40985245.mp3	5508
common_voice_fr_41208951.mp3	10620
common_voice_fr_41065388.mp3	5040
common_voice_fr_40908329.mp3	6696
common_voice_fr_41022219.mp3	4104
common_voice_fr_41071829.mp3	5760
common_voice_fr_40985246.mp3	5724
common_voice_fr_40896127.mp3	4932
common_voice_fr_41192729.mp3	4428
common_voice_fr_41024213.mp3	5580
common_voice_fr_41106179.mp3	6192
common_voice_fr_40968017.mp3	7740
common_voice_fr_41155424.mp3	3888
common_voice_fr_41155423.mp3	5688
common_voice_fr_41208799.mp3	7164
common_voice_fr_40985209.mp3	6840
common_voice_fr_41071824.mp3	4392
common_voice_fr_40923105.mp3	5148
common_voice_fr_41100423.mp3	4104
common_voice_fr_40881990.mp3	6264
common_voice_fr_41029045.mp3	4428
common_voice_fr_41022433.mp3	3816
common_voice_fr_41023929.mp3	4428
common_voice_fr_40937578.mp3	6876
common_voice_fr_41155502.mp3	4356
common_voice_fr_40928807.mp3	5004
common_voice_fr_41020597.mp3	3348
common_voice_fr_41166060.mp3	4896
common_voice_fr_41034113.mp3	3996
common_voice_fr_41103489.mp3	8280
common_voice_fr_41155422.mp3	4716
common_voice_fr_41071825.mp3	4536
common_voice_fr_41084846.mp3	6588
common_voice_fr_41071808.mp3	7524
common_voice_fr_41020619.mp3	5436
common_voice_fr_41084255.mp3	5976
common_voice_fr_41024208.mp3	3132
common_voice_fr_41065334.mp3	4284
common_voice_fr_40985285.mp3	3060
common_voice_fr_40954127.mp3	4572
common_voice_fr_41102650.mp3	5652
common_voice_fr_40985290.mp3	4392
common_voice_fr_41034058.mp3	6336
common_voice_fr_40908338.mp3	5148
common_voice_fr_41023926.mp3	4140
common_voice_fr_41155515.mp3	3528
common_voice_fr_41102718.mp3	2484
common_voice_fr_41072148.mp3	6624
common_voice_fr_40985270.mp3	4536
common_voice_fr_40954170.mp3	5580
common_voice_fr_41034091.mp3	7092
common_voice_fr_41065305.mp3	3852
common_voice_fr_41084283.mp3	3708
common_voice_fr_41071822.mp3	4284
common_voice_fr_41029053.mp3	6120
common_voice_fr_41208880.mp3	13788
common_voice_fr_41194970.mp3	5796
common_voice_fr_41199419.mp3	4212
common_voice_fr_41034039.mp3	3348
common_voice_fr_41022102.mp3	3996
common_voice_fr_41155481.mp3	5076
common_voice_fr_41194985.mp3	5508
common_voice_fr_40985193.mp3	5076
common_voice_fr_41022374.mp3	3960
common_voice_fr_41023992.mp3	5328
common_voice_fr_41023902.mp3	6300
common_voice_fr_40908382.mp3	5220
common_voice_fr_41023982.mp3	4356
common_voice_fr_41022376.mp3	5148
common_voice_fr_41155446.mp3	3420
common_voice_fr_40985219.mp3	4428
common_voice_fr_40908345.mp3	3996
common_voice_fr_41082326.mp3	5148
common_voice_fr_41034036.mp3	5256
common_voice_fr_40945423.mp3	4716
common_voice_fr_40961776.mp3	3708
common_voice_fr_41022461.mp3	5544
common_voice_fr_41022429.mp3	3096
common_voice_fr_40945425.mp3	3816
common_voice_fr_41024220.mp3	3312
common_voice_fr_40926220.mp3	6588
common_voice_fr_41021139.mp3	3312
common_voice_fr_41145288.mp3	4248
common_voice_fr_40908404.mp3	2880
common_voice_fr_41209143.mp3	3780
common_voice_fr_40911759.mp3	5184
common_voice_fr_41208948.mp3	6660
common_voice_fr_41022375.mp3	3060
common_voice_fr_41144021.mp3	4680
common_voice_fr_41199413.mp3	2916
common_voice_fr_41022510.mp3	4824
common_voice_fr_41024045.mp3	3888
common_voice_fr_41082334.mp3	3780
common_voice_fr_40908359.mp3	6840
common_voice_fr_41024061.mp3	4248
common_voice_fr_41065297.mp3	4464
common_voice_fr_41062689.mp3	5040
common_voice_fr_41189956.mp3	5760
common_voice_fr_40908399.mp3	6372
common_voice_fr_41102656.mp3	4392
common_voice_fr_41071843.mp3	4500
common_voice_fr_41065296.mp3	4500
common_voice_fr_40985299.mp3	5112
common_voice_fr_41034112.mp3	3456
common_voice_fr_41166110.mp3	4644
common_voice_fr_40908344.mp3	7128
common_voice_fr_41071845.mp3	5040
common_voice_fr_40928977.mp3	4968
common_voice_fr_41208871.mp3	7776
common_voice_fr_40908353.mp3	7776
common_voice_fr_41022095.mp3	3456
common_voice_fr_41029047.mp3	3564
common_voice_fr_41155501.mp3	5616
common_voice_fr_40874506.mp3	4140
common_voice_fr_41131356.mp3	5580
common_voice_fr_41106206.mp3	3924
common_voice_fr_40937577.mp3	8208
common_voice_fr_41100478.mp3	5616
common_voice_fr_40954116.mp3	3312
common_voice_fr_41084288.mp3	3600
common_voice_fr_41100485.mp3	5112
common_voice_fr_41131290.mp3	1980
common_voice_fr_41024115.mp3	2988
common_voice_fr_41022108.mp3	4032
common_voice_fr_40928767.mp3	4284
common_voice_fr_41022428.mp3	1548
common_voice_fr_40908340.mp3	6156
common_voice_fr_41034026.mp3	6876
common_voice_fr_41131347.mp3	4356
common_voice_fr_40928157.mp3	5724
common_voice_fr_41088798.mp3	6660
common_voice_fr_40937584.mp3	6984
common_voice_fr_41022231.mp3	3744
common_voice_fr_41034035.mp3	5400
common_voice_fr_41023919.mp3	5976
common_voice_fr_40954093.mp3	6228
common_voice_fr_41105046.mp3	3708
common_voice_fr_41021119.mp3	2376
common_voice_fr_41208796.mp3	7128
common_voice_fr_41062947.mp3	4284
common_voice_fr_41029044.mp3	4752
common_voice_fr_41023940.mp3	5940
common_voice_fr_41165891.mp3	4644
common_voice_fr_41023979.mp3	5040
common_voice_fr_41209162.mp3	7380
common_voice_fr_40923113.mp3	3816
common_voice_fr_41082322.mp3	9108
common_voice_fr_41102640.mp3	3564
common_voice_fr_40985283.mp3	4176
common_voice_fr_41071836.mp3	3204
common_voice_fr_40923102.mp3	6264
common_voice_fr_40979109.mp3	5976
common_voice_fr_40928779.mp3	6192
common_voice_fr_40928773.mp3	6876
common_voice_fr_41023975.mp3	5580
common_voice_fr_40952141.mp3	4572
common_voice_fr_41102693.mp3	2556
common_voice_fr_41022090.mp3	3384
common_voice_fr_41074117.mp3	5040
common_voice_fr_41023923.mp3	4248
common_voice_fr_41022211.mp3	2844
common_voice_fr_40908388.mp3	5400
common_voice_fr_41021039.mp3	3708
common_voice_fr_41065410.mp3	1764
common_voice_fr_40936722.mp3	6300
common_voice_fr_41062614.mp3	3744
common_voice_fr_41020599.mp3	4824
common_voice_fr_41100437.mp3	5436
common_voice_fr_41022164.mp3	3168
common_voice_fr_41024048.mp3	2808
common_voice_fr_40908365.mp3	3528
common_voice_fr_41034054.mp3	4068
common_voice_fr_41062616.mp3	5544
common_voice_fr_41034038.mp3	4824
common_voice_fr_40896125.mp3	6588
common_voice_fr_41065352.mp3	3816
common_voice_fr_40923104.mp3	5472
common_voice_fr_41065298.mp3	3780
common_voice_fr_40908296.mp3	3672
common_voice_fr_41065391.mp3	2772
common_voice_fr_40989308.mp3	4392
common_voice_fr_40928788.mp3	6372
common_voice_fr_41024214.mp3	5436
common_voice_fr_41106191.mp3	6696
common_voice_fr_41155463.mp3	6876
common_voice_fr_40928794.mp3	6264
common_voice_fr_41034090.mp3	5328
common_voice_fr_41082355.mp3	3564
common_voice_fr_40928780.mp3	7020
common_voice_fr_40886015.mp3	5076
common_voice_fr_41082362.mp3	4140
common_voice_fr_41034049.mp3	7524
common_voice_fr_41034070.mp3	7020
common_voice_fr_41024018.mp3	4356
common_voice_fr_40884077.mp3	6696
common_voice_fr_40928790.mp3	5004
common_voice_fr_41106181.mp3	3168
common_voice_fr_41023937.mp3	4176
common_voice_fr_41062937.mp3	3168
common_voice_fr_41208970.mp3	5868
common_voice_fr_41029061.mp3	3060
common_voice_fr_41208840.mp3	8532
common_voice_fr_41102652.mp3	2268
common_voice_fr_40982131.mp3	11736
common_voice_fr_41065403.mp3	3096
common_voice_fr_40910515.mp3	4572
common_voice_fr_41054899.mp3	6444
common_voice_fr_41100484.mp3	4644
common_voice_fr_41071823.mp3	5652
common_voice_fr_41194969.mp3	4896
common_voice_fr_40908407.mp3	3312
common_voice_fr_41102707.mp3	2664
common_voice_fr_41131292.mp3	2376
common_voice_fr_41106234.mp3	6192
common_voice_fr_41022400.mp3	5004
common_voice_fr_40954167.mp3	5724
common_voice_fr_41189687.mp3	6408
common_voice_fr_41102671.mp3	3420
common_voice_fr_41065310.mp3	2952
common_voice_fr_41065324.mp3	2664
common_voice_fr_41022384.mp3	4788
common_voice_fr_40896120.mp3	5616
common_voice_fr_40923865.mp3	3096
common_voice_fr_41022397.mp3	3636
common_voice_fr_40889988.mp3	5760
common_voice_fr_41106174.mp3	4608
common_voice_fr_41022499.mp3	5400
common_voice_fr_40908319.mp3	5040
common_voice_fr_41020982.mp3	5112
common_voice_fr_41171943.mp3	3996
common_voice_fr_41071838.mp3	6192
common_voice_fr_41024086.mp3	3276
common_voice_fr_40888147.mp3	2952
common_voice_fr_40925703.mp3	6480
common_voice_fr_40928815.mp3	6300
common_voice_fr_40910558.mp3	3780
common_voice_fr_41084247.mp3	4140
common_voice_fr_41102690.mp3	2412
common_voice_fr_41034107.mp3	5688
common_voice_fr_41208844.mp3	5652
common_voice_fr_41208950.mp3	6192
common_voice_fr_41021051.mp3	3204
common_voice_fr_40874504.mp3	5040
common_voice_fr_41065295.mp3	3240
common_voice_fr_41022482.mp3	3852
common_voice_fr_40911757.mp3	5904
common_voice_fr_40985252.mp3	6984
common_voice_fr_41062938.mp3	6948
common_voice_fr_41071826.mp3	4680
common_voice_fr_41022411.mp3	2664
common_voice_fr_41131272.mp3	4824
common_voice_fr_41071817.mp3	7380
common_voice_fr_41208833.mp3	5508
common_voice_fr_41065360.mp3	4428
common_voice_fr_40954098.mp3	6012
common_voice_fr_41022445.mp3	3420
common_voice_fr_41100458.mp3	4320
common_voice_fr_41102709.mp3	4644
common_voice_fr_40871159.mp3	4608
common_voice_fr_40925691.mp3	5760
common_voice_fr_41082365.mp3	6804
common_voice_fr_40989305.mp3	3420
common_voice_fr_40881992.mp3	5436
common_voice_fr_41166013.mp3	3240
common_voice_fr_41065392.mp3	4176
common_voice_fr_41065312.mp3	5976
common_voice_fr_41024124.mp3	3888
common_voice_fr_41189955.mp3	6228
common_voice_fr_40954142.mp3	4248
common_voice_fr_41022116.mp3	6084
common_voice_fr_40985232.mp3	5832
common_voice_fr_41024219.mp3	4176
common_voice_fr_40884081.mp3	10476
common_voice_fr_40985271.mp3	4464
common_voice_fr_41034056.mp3	4140
common_voice_fr_40888149.mp3	5328
common_voice_fr_40886017.mp3	4860
common_voice_fr_40881982.mp3	9180
common_voice_fr_41166063.mp3	3636
common_voice_fr_41023990.mp3	8316
common_voice_fr_41100421.mp3	5292
common_voice_fr_41062944.mp3	3168
common_voice_fr_41024005.mp3	4428
common_voice_fr_40925702.mp3	4392
common_voice_fr_40908393.mp3	3636
common_voice_fr_40985254.mp3	4248
common_voice_fr_41065293.mp3	5292
common_voice_fr_41024133.mp3	2736
common_voice_fr_41167704.mp3	3816
common_voice_fr_40928821.mp3	6660
common_voice_fr_40908377.mp3	6588
common_voice_fr_41071813.mp3	3708
common_voice_fr_41023959.mp3	4716
common_voice_fr_40954095.mp3	5940
common_voice_fr_41034096.mp3	3384
common_voice_fr_41155504.mp3	6300
common_voice_fr_40954138.mp3	2628
common_voice_fr_41214059.mp3	6876
common_voice_fr_41020970.mp3	2520
common_voice_fr_40908307.mp3	5688
common_voice_fr_40884076.mp3	7128
common_voice_fr_40884430.mp3	4176
common_voice_fr_40985298.mp3	5796
common_voice_fr_40908341.mp3	7992
common_voice_fr_41208983.mp3	6120
common_voice_fr_40979120.mp3	5796
common_voice_fr_41065284.mp3	3312
common_voice_fr_40884085.mp3	5220
common_voice_fr_41065407.mp3	2448
common_voice_fr_41024161.mp3	3240
common_voice_fr_41131357.mp3	5580
common_voice_fr_40908406.mp3	5364
common_voice_fr_41020601.mp3	7128
common_voice_fr_41131348.mp3	4968
common_voice_fr_41023889.mp3	3960
common_voice_fr_40884065.mp3	2700
common_voice_fr_40889981.mp3	8748
common_voice_fr_40908369.mp3	4644
common_voice_fr_41144010.mp3	9720
common_voice_fr_41071809.mp3	5976
common_voice_fr_41034097.mp3	5004
common_voice_fr_41102710.mp3	3348
common_voice_fr_41024151.mp3	4608
common_voice_fr_41022135.mp3	3132
common_voice_fr_41022214.mp3	3276
common_voice_fr_40985276.mp3	4968
common_voice_fr_41208874.mp3	5688
common_voice_fr_40985272.mp3	5616
common_voice_fr_41034086.mp3	4356
common_voice_fr_40908376.mp3	6876
common_voice_fr_41022405.mp3	4104
common_voice_fr_41065384.mp3	3312
common_voice_fr_41106167.mp3	5616
common_voice_fr_40954119.mp3	3708
common_voice_fr_40928791.mp3	4932
common_voice_fr_41023942.mp3	5868
common_voice_fr_41023918.mp3	5616
common_voice_fr_41131288.mp3	2592
common_voice_fr_41024027.mp3	5616
common_voice_fr_41071801.mp3	8424
common_voice_fr_40908357.mp3	3060
common_voice_fr_40928810.mp3	7416
common_voice_fr_41209760.mp3	7740
common_voice_fr_41024058.mp3	3276
common_voice_fr_41065303.mp3	6732
common_voice_fr_40928974.mp3	5760
common_voice_fr_41194975.mp3	6660
common_voice_fr_40896118.mp3	4860
common_voice_fr_40951444.mp3	3816
common_voice_fr_41065381.mp3	5400
common_voice_fr_41082352.mp3	6984
common_voice_fr_40985322.mp3	4068
common_voice_fr_40910517.mp3	6192
common_voice_fr_41020278.mp3	5004
common_voice_fr_41084289.mp3	3420
common_voice_fr_41022408.mp3	4572
common_voice_fr_41131314.mp3	4140
common_voice_fr_40928778.mp3	5544
common_voice_fr_41062618.mp3	5688
common_voice_fr_40985221.mp3	5328
common_voice_fr_41082341.mp3	4860
common_voice_fr_40884069.mp3	6480
common_voice_fr_40926504.mp3	6732
common_voice_fr_41106218.mp3	3672
common_voice_fr_40954103.mp3	5292
common_voice_fr_41020624.mp3	6984
common_voice_fr_41022437.mp3	2988
common_voice_fr_41034094.mp3	2808
common_voice_fr_41192727.mp3	6156
common_voice_fr_41022419.mp3	3456
common_voice_fr_40884087.mp3	6696
common_voice_fr_41023993.mp3	4140
common_voice_fr_41166108.mp3	2916
common_voice_fr_41020604.mp3	5004
common_voice_fr_41065336.mp3	5076
common_voice_fr_41024211.mp3	5040
common_voice_fr_40985289.mp3	4968
common_voice_fr_40926221.mp3	6120
common_voice_fr_41062948.mp3	3168
common_voice_fr_41022109.mp3	1692
common_voice_fr_41024157.mp3	4320
common_voice_fr_41020609.mp3	5364
common_voice_fr_41022205.mp3	4644
common_voice_fr_40979114.mp3	4068
common_voice_fr_41194977.mp3	8100
common_voice_fr_41071821.mp3	4896
common_voice_fr_41131308.mp3	4068
common_voice_fr_41106203.mp3	4212
common_voice_fr_40908380.mp3	4392
common_voice_fr_41022453.mp3	4104
common_voice_fr_41189953.mp3	6480
common_voice_fr_40925687.mp3	5220
common_voice_fr_41065400.mp3	4680
common_voice_fr_41106235.mp3	6192
common_voice_fr_41024125.mp3	4248
common_voice_fr_41058872.mp3	4932
common_voice_fr_41024192.mp3	8712
common_voice_fr_40915752.mp3	8388
common_voice_fr_41022457.mp3	3132
common_voice_fr_40972243.mp3	4392
common_voice_fr_40972193.mp3	4536
common_voice_fr_41084262.mp3	5436
common_voice_fr_41084292.mp3	3816
common_voice_fr_41065304.mp3	5040
common_voice_fr_41054901.mp3	5184
common_voice_fr_41155516.mp3	6768
common_voice_fr_40932701.mp3	8532
common_voice_fr_41100479.mp3	4500
common_voice_fr_40954144.mp3	4896
common_voice_fr_41208873.mp3	6048
common_voice_fr_41024202.mp3	2556
common_voice_fr_40910556.mp3	5544
common_voice_fr_41062690.mp3	8100
common_voice_fr_41024088.mp3	5076
common_voice_fr_41034080.mp3	4320
common_voice_fr_41082359.mp3	2916
common_voice_fr_41065340.mp3	5256
common_voice_fr_41022475.mp3	3996
common_voice_fr_41020602.mp3	5832
common_voice_fr_41024215.mp3	3420
common_voice_fr_40985320.mp3	4140
common_voice_fr_40881999.mp3	5508
common_voice_fr_41155472.mp3	3708
common_voice_fr_40954129.mp3	3888
common_voice_fr_41102704.mp3	4356
common_voice_fr_41024024.mp3	4788
common_voice_fr_41194983.mp3	6156
common_voice_fr_41082336.mp3	6588
common_voice_fr_41034052.mp3	4752
common_voice_fr_40954100.mp3	3204
common_voice_fr_41023978.mp3	7668
common_voice_fr_41155517.mp3	6588
common_voice_fr_41022502.mp3	5220
common_voice_fr_41054912.mp3	5868
common_voice_fr_40985253.mp3	5328
common_voice_fr_41102684.mp3	4752
common_voice_fr_41194974.mp3	7128
common_voice_fr_41065302.mp3	4032
common_voice_fr_41131346.mp3	3096
common_voice_fr_40928802.mp3	6588
common_voice_fr_41209018.mp3	11448
common_voice_fr_40928793.mp3	4896
common_voice_fr_41199407.mp3	5400
common_voice_fr_41022481.mp3	4464
common_voice_fr_41082335.mp3	6336
common_voice_fr_40896122.mp3	4572
common_voice_fr_40926511.mp3	2952
common_voice_fr_41034074.mp3	4680
common_voice_fr_41021038.mp3	8172
common_voice_fr_41071805.mp3	4932
common_voice_fr_40951446.mp3	5724
common_voice_fr_41084290.mp3	2988
common_voice_fr_41024136.mp3	3780
common_voice_fr_41071831.mp3	6336
common_voice_fr_40910514.mp3	6012
common_voice_fr_41092856.mp3	4248
common_voice_fr_41071814.mp3	5256
common_voice_fr_40925693.mp3	6876
common_voice_fr_41024014.mp3	5040
common_voice_fr_41020608.mp3	6336
common_voice_fr_41082361.mp3	4896
common_voice_fr_40908405.mp3	4572
common_voice_fr_40908402.mp3	5220
common_voice_fr_40954120.mp3	4212
common_voice_fr_41192728.mp3	5580
common_voice_fr_41166010.mp3	4680
common_voice_fr_41034111.mp3	4140
common_voice_fr_40954111.mp3	5292
common_voice_fr_41022139.mp3	3096
common_voice_fr_41022463.mp3	3240
common_voice_fr_41194986.mp3	6300
common_voice_fr_40928818.mp3	7200
common_voice_fr_41020994.mp3	3636
common_voice_fr_40908323.mp3	5616
common_voice_fr_41022145.mp3	4068
common_voice_fr_41084266.mp3	3456
common_voice_fr_41106220.mp3	4752
common_voice_fr_41131331.mp3	5652
common_voice_fr_40985217.mp3	4464
common_voice_fr_41065397.mp3	3852
common_voice_fr_40908383.mp3	3708
common_voice_fr_41029055.mp3	3420
common_voice_fr_41102711.mp3	3708
common_voice_fr_41022420.mp3	2700
common_voice_fr_40896129.mp3	5292
common_voice_fr_41022407.mp3	3312
common_voice_fr_41029050.mp3	4644
common_voice_fr_40908315.mp3	2808
common_voice_fr_41071797.mp3	6048
common_voice_fr_41065369.mp3	2952
common_voice_fr_41071806.mp3	7020
common_voice_fr_40908385.mp3	2664
common_voice_fr_41022413.mp3	3780
common_voice_fr_40884432.mp3	5184
common_voice_fr_41065409.mp3	5184
common_voice_fr_41034092.mp3	6840
common_voice_fr_41100480.mp3	4824
common_voice_fr_41065301.mp3	2880
common_voice_fr_41020992.mp3	3132
common_voice_fr_41065377.mp3	4824
common_voice_fr_40954141.mp3	7848
common_voice_fr_41084848.mp3	5616
common_voice_fr_41071800.mp3	4932
common_voice_fr_41034037.mp3	5508
common_voice_fr_40926505.mp3	5688
common_voice_fr_40908392.mp3	4932
common_voice_fr_41102654.mp3	4500
common_voice_fr_41131305.mp3	4932
common_voice_fr_40928781.mp3	5904
common_voice_fr_40888144.mp3	5508
common_voice_fr_40972245.mp3	4140
common_voice_fr_41063546.mp3	5796
common_voice_fr_41023953.mp3	3888
common_voice_fr_40937582.mp3	9252
common_voice_fr_41022092.mp3	3420
common_voice_fr_40922326.mp3	3816
common_voice_fr_41208981.mp3	9828
common_voice_fr_41131359.mp3	3744
common_voice_fr_41109744.mp3	8640
common_voice_fr_40987656.mp3	7740
common_voice_fr_41062931.mp3	3240
common_voice_fr_41022492.mp3	2520
common_voice_fr_41023914.mp3	4500
common_voice_fr_41022506.mp3	4536
common_voice_fr_41071840.mp3	5400
common_voice_fr_41024109.mp3	5796
common_voice_fr_41106222.mp3	5220
common_voice_fr_41088799.mp3	6228
common_voice_fr_41022234.mp3	4032
common_voice_fr_41208831.mp3	5616
common_voice_fr_41208984.mp3	5436
common_voice_fr_41022491.mp3	2088
common_voice_fr_40979116.mp3	6120
common_voice_fr_40952142.mp3	10224
common_voice_fr_40884067.mp3	9900
common_voice_fr_41131307.mp3	3204
common_voice_fr_41208971.mp3	5760
common_voice_fr_41214061.mp3	2736
common_voice_fr_41024087.mp3	4608
common_voice_fr_40954136.mp3	2808
common_voice_fr_41131326.mp3	5508
common_voice_fr_41155473.mp3	4680
common_voice_fr_41065291.mp3	3060
common_voice_fr_41065372.mp3	4428
common_voice_fr_41214060.mp3	6048
common_voice_fr_40923861.mp3	4680
common_voice_fr_41102644.mp3	3996
common_voice_fr_41208870.mp3	10980
common_voice_fr_40908334.mp3	5796
common_voice_fr_41208830.mp3	7560
common_voice_fr_41023955.mp3	3960
common_voice_fr_40871158.mp3	7596
common_voice_fr_41022498.mp3	3816
common_voice_fr_41100448.mp3	3636
common_voice_fr_40923862.mp3	4248
common_voice_fr_41024002.mp3	5940
common_voice_fr_40871161.mp3	5688
common_voice_fr_41092852.mp3	2376
common_voice_fr_40951445.mp3	2664
common_voice_fr_41022111.mp3	4284
common_voice_fr_41022454.mp3	3780
common_voice_fr_41105047.mp3	5364
common_voice_fr_40891831.mp3	4500
common_voice_fr_40979113.mp3	3132
common_voice_fr_40923092.mp3	4752
common_voice_fr_41082363.mp3	5652
common_voice_fr_41023952.mp3	5580
common_voice_fr_41071807.mp3	2988
common_voice_fr_40908173.mp3	3096
common_voice_fr_41021055.mp3	6552
common_voice_fr_41189686.mp3	4500
common_voice_fr_41209759.mp3	6336
common_voice_fr_40888141.mp3	4968
common_voice_fr_40925694.mp3	3024
common_voice_fr_41022409.mp3	6804
common_voice_fr_40968013.mp3	4212
common_voice_fr_40928822.mp3	3960
common_voice_fr_41062952.mp3	5328
common_voice_fr_41022410.mp3	4176
common_voice_fr_41102705.mp3	5040
common_voice_fr_41022436.mp3	4140
common_voice_fr_41145290.mp3	3420
common_voice_fr_41105040.mp3	8820
common_voice_fr_41065364.mp3	4212
common_voice_fr_41024008.mp3	5508
common_voice_fr_41209019.mp3	5328
common_voice_fr_41029051.mp3	3096
common_voice_fr_40889942.mp3	9396
common_voice_fr_41144023.mp3	6336
common_voice_fr_41007275.mp3	5760
common_voice_fr_41065366.mp3	7200
common_voice_fr_41020279.mp3	4608
common_voice_fr_40932703.mp3	5220
common_voice_fr_40908302.mp3	4104
common_voice_fr_41084845.mp3	5076
common_voice_fr_41082338.mp3	6948
common_voice_fr_41106183.mp3	4320
common_voice_fr_41029057.mp3	4572
common_voice_fr_40979122.mp3	3420
common_voice_fr_41022441.mp3	3600
common_voice_fr_41024114.mp3	3420
common_voice_fr_40908366.mp3	4392
common_voice_fr_41022093.mp3	2664
common_voice_fr_40985274.mp3	3744
common_voice_fr_41020621.mp3	5580
common_voice_fr_41023931.mp3	5328
common_voice_fr_40954124.mp3	6660
common_voice_fr_41062943.mp3	8460
common_voice_fr_40985249.mp3	6300
common_voice_fr_41022468.mp3	2880
common_voice_fr_40888150.mp3	4176
common_voice_fr_41022366.mp3	4644
common_voice_fr_41020281.mp3	4644
common_voice_fr_40908395.mp3	5832
common_voice_fr_41096689.mp3	6768
common_voice_fr_40954108.mp3	5688
common_voice_fr_41065325.mp3	3276
common_voice_fr_41084847.mp3	8208
common_voice_fr_40884079.mp3	2628
common_voice_fr_41023980.mp3	3456
common_voice_fr_41024071.mp3	4500
common_voice_fr_41065399.mp3	5112
common_voice_fr_40923116.mp3	5580
common_voice_fr_41065307.mp3	4536
common_voice_fr_41024218.mp3	3096
common_voice_fr_41022494.mp3	2196
common_voice_fr_41102655.mp3	3960
common_voice_fr_41021105.mp3	3240
common_voice_fr_41065362.mp3	3780
common_voice_fr_41065319.mp3	2664
common_voice_fr_40968014.mp3	7776
common_voice_fr_41084293.mp3	4068
common_voice_fr_40954143.mp3	3636
common_voice_fr_41022455.mp3	3960
common_voice_fr_41023995.mp3	6336
common_voice_fr_41022444.mp3	2340
common_voice_fr_41034042.mp3	5904
common_voice_fr_41024006.mp3	4608
common_voice_fr_41084287.mp3	4428
common_voice_fr_41082366.mp3	3960
common_voice_fr_41071810.mp3	5256
common_voice_fr_40890915.mp3	14328
common_voice_fr_40881994.mp3	6264
common_voice_fr_41208985.mp3	3996
common_voice_fr_41062934.mp3	6084
common_voice_fr_41194980.mp3	6048
common_voice_fr_41084282.mp3	4356
common_voice_fr_41106177.mp3	4788
common_voice_fr_40908367.mp3	4284
common_voice_fr_41065379.mp3	3240
common_voice_fr_41020967.mp3	2772
common_voice_fr_41100422.mp3	5580
common_voice_fr_41024035.mp3	3888
common_voice_fr_41034089.mp3	3960
common_voice_fr_40896123.mp3	4320
common_voice_fr_41065348.mp3	5040
common_voice_fr_41034040.mp3	3636
common_voice_fr_41131271.mp3	3492
common_voice_fr_41034022.mp3	6048
common_voice_fr_40954117.mp3	4824
common_voice_fr_40928803.mp3	6264
common_voice_fr_41034051.mp3	4896
common_voice_fr_41023996.mp3	4320
common_voice_fr_41072153.mp3	4644
common_voice_fr_40891833.mp3	4140
common_voice_fr_41208881.mp3	6408
common_voice_fr_40979123.mp3	6156
common_voice_fr_41071833.mp3	7092
common_voice_fr_41065316.mp3	5580
common_voice_fr_40888148.mp3	4608
common_voice_fr_40923863.mp3	2988
common_voice_fr_41102720.mp3	4644
common_voice_fr_41082364.mp3	5328
common_voice_fr_41023906.mp3	5940
common_voice_fr_41023999.mp3	4140
common_voice_fr_41022395.mp3	1944
common_voice_fr_41022370.mp3	2844
common_voice_fr_41074121.mp3	7452
common_voice_fr_41023974.mp3	5436
common_voice_fr_41166065.mp3	4788
common_voice_fr_41024212.mp3	3924
common_voice_fr_41054897.mp3	6228
common_voice_fr_41022496.mp3	4536
common_voice_fr_41209144.mp3	5796
common_voice_fr_41084276.mp3	3240
common_voice_fr_41022387.mp3	2520
common_voice_fr_41194987.mp3	5976
common_voice_fr_40874509.mp3	4140
common_voice_fr_40925707.mp3	3960
common_voice_fr_41208841.mp3	7128
common_voice_fr_40928809.mp3	7884
common_voice_fr_40884431.mp3	3744
common_voice_fr_41065406.mp3	1980
common_voice_fr_41071795.mp3	3960
common_voice_fr_41024117.mp3	2376
common_voice_fr_41131340.mp3	4644
common_voice_fr_40915748.mp3	6552
common_voice_fr_41144011.mp3	6516
common_voice_fr_40926507.mp3	4212
common_voice_fr_41024047.mp3	3096
common_voice_fr_40985269.mp3	5364
common_voice_fr_41065350.mp3	2880
common_voice_fr_40884434.mp3	4356
common_voice_fr_40932698.mp3	5112
common_voice_fr_41084285.mp3	4608
common_voice_fr_41208954.mp3	4500
common_voice_fr_40932706.mp3	6480
common_voice_fr_41209010.mp3	5076
common_voice_fr_41022490.mp3	4500
common_voice_fr_41029058.mp3	3852
common_voice_fr_40985211.mp3	6732
common_voice_fr_40881993.mp3	5832
common_voice_fr_41102642.mp3	4392
common_voice_fr_40908324.mp3	7740
common_voice_fr_41022238.mp3	4968
common_voice_fr_41102721.mp3	3204
common_voice_fr_40925673.mp3	6516
common_voice_fr_41208834.mp3	5436
common_voice_fr_41062939.mp3	4536
common_voice_fr_40954133.mp3	3240
common_voice_fr_41084273.mp3	3420
common_voice_fr_41024123.mp3	3996
common_voice_fr_41024222.mp3	4176
common_voice_fr_41065413.mp3	3636
common_voice_fr_41021140.mp3	2340
common_voice_fr_41102701.mp3	1296
common_voice_fr_40884068.mp3	13500
common_voice_fr_41209163.mp3	4860
common_voice_fr_41065355.mp3	4680
common_voice_fr_41100449.mp3	5004
common_voice_fr_41062617.mp3	4464
common_voice_fr_40908336.mp3	6516
common_voice_fr_41034024.mp3	6084
common_voice_fr_41024197.mp3	2664
common_voice_fr_40985195.mp3	5112
common_voice_fr_41062932.mp3	4752
common_voice_fr_41022378.mp3	3816
common_voice_fr_40985300.mp3	4788
common_voice_fr_40985313.mp3	5868
common_voice_fr_41024059.mp3	3420
common_voice_fr_41102668.mp3	5220
common_voice_fr_41106233.mp3	4608
common_voice_fr_41144020.mp3	5796
common_voice_fr_41024049.mp3	3276
common_voice_fr_41022460.mp3	2160
common_voice_fr_41071830.mp3	5580
common_voice_fr_40923106.mp3	4680
common_voice_fr_41065339.mp3	1656
common_voice_fr_41092850.mp3	5436
common_voice_fr_41065287.mp3	5796
common_voice_fr_41105036.mp3	8280
common_voice_fr_40945424.mp3	7920
common_voice_fr_41106201.mp3	6120
common_voice_fr_41131318.mp3	5328
common_voice_fr_40985273.mp3	3708
common_voice_fr_40899634.mp3	4968
common_voice_fr_40884066.mp3	6120
common_voice_fr_41062691.mp3	6444
common_voice_fr_41102657.mp3	2736
common_voice_fr_41021036.mp3	4824
common_voice_fr_40926222.mp3	8748
common_voice_fr_41102716.mp3	3384
common_voice_fr_41065383.mp3	4932
common_voice_fr_41022470.mp3	3096
common_voice_fr_41062935.mp3	5616
common_voice_fr_41084253.mp3	3420
common_voice_fr_41022391.mp3	5760
common_voice_fr_41106207.mp3	4860
common_voice_fr_41034088.mp3	6120
common_voice_fr_41208884.mp3	5940
common_voice_fr_40985287.mp3	4248
common_voice_fr_41105045.mp3	5148
common_voice_fr_40937579.mp3	7560
common_voice_fr_41020968.mp3	4356
common_voice_fr_41022478.mp3	2124
common_voice_fr_41023954.mp3	4608
common_voice_fr_41082329.mp3	4068
common_voice_fr_40979118.mp3	3420
common_voice_fr_40922329.mp3	3924
common_voice_fr_40985218.mp3	3564
common_voice_fr_41034085.mp3	9108
common_voice_fr_41022131.mp3	4932
common_voice_fr_41020941.mp3	6588
common_voice_fr_41155490.mp3	4716
common_voice_fr_40928776.mp3	3492
common_voice_fr_41109743.mp3	5508
common_voice_fr_40908273.mp3	3384
common_voice_fr_41092848.mp3	5256
common_voice_fr_41024070.mp3	3456
common_voice_fr_41131324.mp3	3636
common_voice_fr_41105041.mp3	4428
common_voice_fr_41102702.mp3	3528
common_voice_fr_40908330.mp3	5004
common_voice_fr_41065395.mp3	4716
common_voice_fr_41155462.mp3	4140
common_voice_fr_41100425.mp3	3168
common_voice_fr_40873493.mp3	6228
common_voice_fr_40923114.mp3	6480
common_voice_fr_40982180.mp3	9144
common_voice_fr_40925688.mp3	4968
common_voice_fr_40936723.mp3	2340
common_voice_fr_41062930.mp3	5148
common_voice_fr_41082347.mp3	3888
common_voice_fr_41022216.mp3	5292
common_voice_fr_41131306.mp3	2664
common_voice_fr_40952140.mp3	9072
common_voice_fr_40871135.mp3	10008
common_voice_fr_41021123.mp3	2196
common_voice_fr_41106192.mp3	4140
common_voice_fr_40899638.mp3	4680
common_voice_fr_41034019.mp3	7740
common_voice_fr_40928799.mp3	4284
common_voice_fr_40881980.mp3	10764
common_voice_fr_41155474.mp3	2736
common_voice_fr_41024095.mp3	5400
common_voice_fr_41020600.mp3	6012
common_voice_fr_40881998.mp3	6516
common_voice_fr_41155407.mp3	6768
common_voice_fr_40888151.mp3	3996
common_voice_fr_41209013.mp3	11448
common_voice_fr_41155475.mp3	4320
common_voice_fr_41065393.mp3	1656
common_voice_fr_41208953.mp3	6444
common_voice_fr_40888145.mp3	4752
common_voice_fr_40908313.mp3	5544
common_voice_fr_41082353.mp3	3960
common_voice_fr_41155426.mp3	3996
common_voice_fr_41072147.mp3	5688
common_voice_fr_41096690.mp3	4572
common_voice_fr_40985255.mp3	6336
common_voice_fr_41071803.mp3	3348
common_voice_fr_40915751.mp3	8208
common_voice_fr_41065311.mp3	5508
common_voice_fr_40985315.mp3	4932
common_voice_fr_41022503.mp3	3816
common_voice_fr_40915761.mp3	5436
common_voice_fr_40910513.mp3	6696
common_voice_fr_41082356.mp3	3564
common_voice_fr_41065328.mp3	4824
common_voice_fr_40926510.mp3	4248
common_voice_fr_40881997.mp3	4932
common_voice_fr_41082339.mp3	4068
common_voice_fr_41034087.mp3	4500
common_voice_fr_40908370.mp3	4284
common_voice_fr_40908379.mp3	5508
common_voice_fr_41022507.mp3	3600
common_voice_fr_41034028.mp3	5148
common_voice_fr_40985247.mp3	3780
common_voice_fr_41106182.mp3	4572
common_voice_fr_41209763.mp3	6840
common_voice_fr_41155411.mp3	3780
common_voice_fr_41065326.mp3	5004
common_voice_fr_41034041.mp3	7128
common_voice_fr_41106208.mp3	2700
common_voice_fr_40954115.mp3	7704
common_voice_fr_40908318.mp3	4896
common_voice_fr_41023903.mp3	4788
common_voice_fr_41144013.mp3	3636
common_voice_fr_41007278.mp3	5724
common_voice_fr_41029046.mp3	3204
common_voice_fr_41084259.mp3	4968
common_voice_fr_41022394.mp3	2412
common_voice_fr_41024144.mp3	3636
common_voice_fr_41024029.mp3	4176
common_voice_fr_41022488.mp3	3636
common_voice_fr_41102663.mp3	4464
common_voice_fr_40968012.mp3	5652
common_voice_fr_41022185.mp3	1980
common_voice_fr_41022368.mp3	3276
common_voice_fr_41165893.mp3	5004
common_voice_fr_41022213.mp3	3600
common_voice_fr_41208982.mp3	4464
common_voice_fr_41065411.mp3	4032
common_voice_fr_41020955.mp3	3564
common_voice_fr_40985314.mp3	5400
common_voice_fr_41022431.mp3	2196
common_voice_fr_40928806.mp3	5940
common_voice_fr_40985243.mp3	4212
common_voice_fr_41023891.mp3	4176
common_voice_fr_40985286.mp3	5076
common_voice_fr_41022467.mp3	3384
common_voice_fr_41024054.mp3	3276
common_voice_fr_41034060.mp3	4428
common_voice_fr_41022469.mp3	5148
common_voice_fr_40908364.mp3	3564
common_voice_fr_41029048.mp3	3204
common_voice_fr_41155485.mp3	5256
common_voice_fr_41034045.mp3	4536
common_voice_fr_41071849.mp3	4932
common_voice_fr_41071844.mp3	6156
common_voice_fr_41065346.mp3	2124
common_voice_fr_40915758.mp3	4752
common_voice_fr_41071841.mp3	6624
common_voice_fr_40985316.mp3	6012
common_voice_fr_41022183.mp3	2772
common_voice_fr_41065332.mp3	2520
common_voice_fr_41062945.mp3	5436
common_voice_fr_41131299.mp3	5292
common_voice_fr_40954135.mp3	4932
common_voice_fr_41024128.mp3	3276
common_voice_fr_40884088.mp3	9288
common_voice_fr_40989307.mp3	4968
common_voice_fr_41065361.mp3	5004
common_voice_fr_40908295.mp3	4464
common_voice_fr_40979111.mp3	6120
common_voice_fr_40922327.mp3	4104
common_voice_fr_41021052.mp3	8640
common_voice_fr_41092851.mp3	6192
common_voice_fr_40928797.mp3	7164
common_voice_fr_40985220.mp3	7452
common_voice_fr_40896124.mp3	6336
common_voice_fr_40908397.mp3	4248
common_voice_fr_41208987.mp3	4968
common_voice_fr_40954106.mp3	5076
common_voice_fr_41106178.mp3	3024
common_voice_fr_41022148.mp3	3204
common_voice_fr_41022392.mp3	3312
common_voice_fr_41023911.mp3	5796
common_voice_fr_40985196.mp3	4824
common_voice_fr_41100455.mp3	3600
common_voice_fr_41065386.mp3	6516
common_voice_fr_41022456.mp3	3816
common_voice_fr_40985256.mp3	6624
common_voice_fr_40873497.mp3	5868
common_voice_fr_41082325.mp3	5148
common_voice_fr_41023917.mp3	4716
common_voice_fr_41088797.mp3	5688
common_voice_fr_41189957.mp3	8280
common_voice_fr_41065370.mp3	4104
common_voice_fr_41092855.mp3	5508
common_voice_fr_41034102.mp3	4932
common_voice_fr_41171946.mp3	5004
common_voice_fr_41024046.mp3	2916
common_voice_fr_41102712.mp3	4212
common_voice_fr_41063542.mp3	3708
common_voice_fr_41102703.mp3	5004
common_voice_fr_40954132.mp3	3240
common_voice_fr_41063545.mp3	4320
common_voice_fr_40926512.mp3	3528
common_voice_fr_40985192.mp3	6876
common_voice_fr_41022427.mp3	1836
common_voice_fr_41189644.mp3	3996
common_voice_fr_40908352.mp3	2052
common_voice_fr_41022232.mp3	3852
common_voice_fr_40908310.mp3	5364
common_voice_fr_41024089.mp3	4356
common_voice_fr_40928814.mp3	7668
common_voice_fr_41023912.mp3	4320
common_voice_fr_41074119.mp3	8352
common_voice_fr_41065402.mp3	3564
common_voice_fr_41034103.mp3	3852
common_voice_fr_40884465.mp3	7128
common_voice_fr_40908305.mp3	3096
common_voice_fr_40926508.mp3	5040
common_voice_fr_41023983.mp3	3528
common_voice_fr_40908304.mp3	5472
common_voice_fr_40908398.mp3	4428
common_voice_fr_41096691.mp3	3924
common_voice_fr_41062941.mp3	4968
common_voice_fr_40915750.mp3	7452
common_voice_fr_41167707.mp3	4788
common_voice_fr_40954114.mp3	2988
common_voice_fr_40908349.mp3	3996
common_voice_fr_41022473.mp3	4932
common_voice_fr_41209160.mp3	7380
common_voice_fr_41024026.mp3	5868
common_voice_fr_41062615.mp3	10872
common_voice_fr_41023916.mp3	4140
common_voice_fr_41024028.mp3	3600
common_voice_fr_41022452.mp3	4968
common_voice_fr_41155487.mp3	6516
common_voice_fr_40932705.mp3	5148
common_voice_fr_40925705.mp3	3456
common_voice_fr_41024032.mp3	4176
common_voice_fr_41034082.mp3	3204
common_voice_fr_41024025.mp3	4356
common_voice_fr_41082323.mp3	6372
common_voice_fr_40908328.mp3	2844
common_voice_fr_40925709.mp3	4788
common_voice_fr_41065376.mp3	4176
common_voice_fr_40873496.mp3	6660
common_voice_fr_41065351.mp3	2412
common_voice_fr_41024057.mp3	3168
common_voice_fr_40899637.mp3	5436
common_voice_fr_41100440.mp3	5328
common_voice_fr_40886014.mp3	7020
common_voice_fr_41023901.mp3	4428
common_voice_fr_41102666.mp3	2268
common_voice_fr_40928770.mp3	5220
common_voice_fr_41022439.mp3	4356
common_voice_fr_41062953.mp3	3816
common_voice_fr_40908333.mp3	6048
common_voice_fr_41023915.mp3	4176
common_voice_fr_40968015.mp3	6912
common_voice_fr_41029059.mp3	5652
common_voice_fr_41022480.mp3	3276
common_voice_fr_41082327.mp3	5616
common_voice_fr_40908372.mp3	4500
common_voice_fr_40908358.mp3	3672
common_voice_fr_41084250.mp3	3780
common_voice_fr_40896121.mp3	4572
common_voice_fr_40985325.mp3	5040
common_voice_fr_40932704.mp3	5112
common_voice_fr_41029052.mp3	3708
common_voice_fr_41022182.mp3	2484
common_voice_fr_41021054.mp3	5004
common_voice_fr_40932702.mp3	7884
common_voice_fr_41100486.mp3	4248
common_voice_fr_40908342.mp3	5796
common_voice_fr_41024044.mp3	5976
common_voice_fr_41102673.mp3	3600
common_voice_fr_41065375.mp3	3384
common_voice_fr_41024050.mp3	5760
common_voice_fr_40908172.mp3	3168
common_voice_fr_40908361.mp3	5148
common_voice_fr_40932697.mp3	6264
common_voice_fr_41065385.mp3	3132
common_voice_fr_41096688.mp3	11736
common_voice_fr_41024051.mp3	3168
common_voice_fr_40928771.mp3	4572
common_voice_fr_40889945.mp3	6372
common_voice_fr_41102674.mp3	4716
common_voice_fr_41092847.mp3	5940
common_voice_fr_41023961.mp3	5868
common_voice_fr_41021143.mp3	2844
common_voice_fr_41024036.mp3	5148
common_voice_fr_41024189.mp3	6156
common_voice_fr_40908363.mp3	4356
common_voice_fr_41024199.mp3	4392
common_voice_fr_41021029.mp3	6156
common_voice_fr_40925685.mp3	7956
common_voice_fr_41034063.mp3	4140
common_voice_fr_40881995.mp3	5328
common_voice_fr_40908171.mp3	2736
common_voice_fr_41209161.mp3	9180
common_voice_fr_41208949.mp3	8100
common_voice_fr_40896128.mp3	5508
common_voice_fr_41023930.mp3	4140
common_voice_fr_41022472.mp3	2916
common_voice_fr_41022406.mp3	3708
common_voice_fr_41194988.mp3	4716
common_voice_fr_41022389.mp3	3672
common_voice_fr_41062933.mp3	7848
common_voice_fr_40888154.mp3	4536
common_voice_fr_41065378.mp3	4500
common_voice_fr_41024195.mp3	5004
common_voice_fr_40915749.mp3	8676
common_voice_fr_41023921.mp3	5220
common_voice_fr_41034032.mp3	6264
common_voice_fr_41020983.mp3	4392
common_voice_fr_41071818.mp3	5544
common_voice_fr_40908355.mp3	5652
common_voice_fr_41022486.mp3	3024
common_voice_fr_41072156.mp3	6192
common_voice_fr_40954168.mp3	3744
common_voice_fr_41020623.mp3	4284
common_voice_fr_40972244.mp3	3348
common_voice_fr_40987659.mp3	4896
common_voice_fr_40928768.mp3	5868
common_voice_fr_40908356.mp3	5436
common_voice_fr_41084278.mp3	3528
common_voice_fr_40954137.mp3	4464
common_voice_fr_41074118.mp3	4248
common_voice_fr_41024113.mp3	3636
common_voice_fr_40985207.mp3	6768
common_voice_fr_40989306.mp3	6048
common_voice_fr_40890912.mp3	13788
common_voice_fr_41078112.mp3	8640
common_voice_fr_41082330.mp3	3780
common_voice_fr_41106170.mp3	6300
common_voice_fr_40954112.mp3	6012
common_voice_fr_41072143.mp3	4464
common_voice_fr_40982177.mp3	4068
common_voice_fr_41034046.mp3	5148
common_voice_fr_41022440.mp3	2700
common_voice_fr_41024112.mp3	4500
common_voice_fr_40987660.mp3	5940
common_voice_fr_41023939.mp3	5508
common_voice_fr_40908351.mp3	3780
common_voice_fr_40954092.mp3	4860
common_voice_fr_41034095.mp3	4104
common_voice_fr_41065331.mp3	2952
common_voice_fr_40896134.mp3	6264
common_voice_fr_41024207.mp3	4392
common_voice_fr_41100481.mp3	2556
common_voice_fr_41022364.mp3	3060
common_voice_fr_40954157.mp3	6084
common_voice_fr_41023943.mp3	7020
common_voice_fr_41065320.mp3	4932
common_voice_fr_41022402.mp3	6264
common_voice_fr_41209164.mp3	4968
common_voice_fr_41071811.mp3	6516
common_voice_fr_40928787.mp3	7416
common_voice_fr_41092853.mp3	2844
common_voice_fr_41100488.mp3	4392
common_voice_fr_41022446.mp3	1692
common_voice_fr_41024165.mp3	5796
common_voice_fr_41024116.mp3	3096
common_voice_fr_40985258.mp3	6696
common_voice_fr_41024068.mp3	5328
common_voice_fr_41082337.mp3	4572
common_voice_fr_41062949.mp3	5868
common_voice_fr_41105039.mp3	6120
common_voice_fr_40908300.mp3	3780
common_voice_fr_41024159.mp3	3240
common_voice_fr_40908316.mp3	3600
common_voice_fr_41022181.mp3	4896
common_voice_fr_41022380.mp3	4572
common_voice_fr_41034108.mp3	4752
common_voice_fr_41189685.mp3	7740
common_voice_fr_40910555.mp3	5832
common_voice_fr_41102706.mp3	3132
common_voice_fr_41024073.mp3	3960
common_voice_fr_40908391.mp3	3240
common_voice_fr_41022110.mp3	5760
common_voice_fr_41022484.mp3	3276
common_voice_fr_41021106.mp3	3636
common_voice_fr_41022448.mp3	5328
common_voice_fr_41166017.mp3	5940
common_voice_fr_41192726.mp3	11844
common_voice_fr_40888142.mp3	4104
common_voice_fr_41155471.mp3	7056
common_voice_fr_40985248.mp3	4572
common_voice_fr_41022416.mp3	4284
common_voice_fr_41105035.mp3	4248
common_voice_fr_40884089.mp3	7560
common_voice_fr_40925690.mp3	5076
common_voice_fr_41102699.mp3	4572
common_voice_fr_41022202.mp3	3852
common_voice_fr_41024092.mp3	3888
common_voice_fr_41100483.mp3	4968
common_voice_fr_41022465.mp3	3240
common_voice_fr_41034050.mp3	3600
common_voice_fr_41214547.mp3	4860
common_voice_fr_41102717.mp3	4500
common_voice_fr_41024162.mp3	5328
common_voice_fr_41109742.mp3	5256
common_voice_fr_41024096.mp3	3456
common_voice_fr_41074125.mp3	4284
common_voice_fr_41024090.mp3	3168
common_voice_fr_41106204.mp3	5868
common_voice_fr_40928816.mp3	5724
common_voice_fr_41034083.mp3	3564
common_voice_fr_41022217.mp3	4788
common_voice_fr_41062688.mp3	7488
common_voice_fr_41208872.mp3	7776
common_voice_fr_40911755.mp3	3132
common_voice_fr_40954158.mp3	3672
common_voice_fr_41022442.mp3	2844
common_voice_fr_41084263.mp3	4536
common_voice_fr_41106164.mp3	6948
common_voice_fr_41100457.mp3	3960
common_voice_fr_41022504.mp3	4428
common_voice_fr_41194976.mp3	8136
common_voice_fr_41020607.mp3	4464
common_voice_fr_40972192.mp3	5868
common_voice_fr_40908346.mp3	3276
common_voice_fr_41209142.mp3	6768
common_voice_fr_40979117.mp3	3672
common_voice_fr_40982181.mp3	6012
common_voice_fr_40908309.mp3	4068
common_voice_fr_41022372.mp3	2520
common_voice_fr_41024210.mp3	5040
common_voice_fr_41208797.mp3	7236
common_voice_fr_40908326.mp3	2844
common_voice_fr_41020787.mp3	4284
common_voice_fr_40954125.mp3	5184
common_voice_fr_41102637.mp3	3744
common_voice_fr_41034065.mp3	4644
common_voice_fr_41208883.mp3	9468
common_voice_fr_40961770.mp3	6948
common_voice_fr_41054916.mp3	6120
common_voice_fr_41084261.mp3	4716
common_voice_fr_41084249.mp3	4896
common_voice_fr_41189647.mp3	5508
common_voice_fr_40926219.mp3	7020
common_voice_fr_41131350.mp3	4752
common_voice_fr_41022483.mp3	2628
common_voice_fr_40926223.mp3	5688
common_voice_fr_41166114.mp3	5220
common_voice_fr_41065329.mp3	5040
common_voice_fr_41022443.mp3	3960
common_voice_fr_40908378.mp3	6156
common_voice_fr_41106210.mp3	4392
common_voice_fr_41022365.mp3	4212
common_voice_fr_40908390.mp3	2952
common_voice_fr_41022230.mp3	5292
common_voice_fr_41023913.mp3	5328
common_voice_fr_41024135.mp3	3888
common_voice_fr_41102680.mp3	1116
common_voice_fr_41155410.mp3	7308
common_voice_fr_41024149.mp3	4536
common_voice_fr_41065359.mp3	5364
common_voice_fr_41020622.mp3	5256
common_voice_fr_41072151.mp3	4428
common_voice_fr_41024084.mp3	5436
common_voice_fr_41065308.mp3	4104
common_voice_fr_41102696.mp3	3276
common_voice_fr_40923095.mp3	6732
common_voice_fr_40954118.mp3	5904
common_voice_fr_40886016.mp3	6696
common_voice_fr_41022193.mp3	4248
common_voice_fr_40874512.mp3	3060
common_voice_fr_40889990.mp3	5472
common_voice_fr_41106219.mp3	2952
common_voice_fr_41209761.mp3	6696
common_voice_fr_41020981.mp3	4500
common_voice_fr_40928978.mp3	3708
common_voice_fr_41155421.mp3	5220
common_voice_fr_41058869.mp3	5580
common_voice_fr_41155483.mp3	4248
common_voice_fr_41034055.mp3	4536
common_voice_fr_40908403.mp3	6228
common_voice_fr_40908337.mp3	8604
common_voice_fr_41023998.mp3	4500
common_voice_fr_40937586.mp3	4896
common_voice_fr_41100436.mp3	5976
common_voice_fr_40985250.mp3	5436
common_voice_fr_41065394.mp3	4320
common_voice_fr_41084274.mp3	3240
common_voice_fr_41024216.mp3	2952
common_voice_fr_41022403.mp3	4932
common_voice_fr_40908272.mp3	3132
common_voice_fr_41167706.mp3	3384
common_voice_fr_41082340.mp3	5832
common_voice_fr_41024074.mp3	5220
common_voice_fr_41024105.mp3	4248
common_voice_fr_41189954.mp3	8388
common_voice_fr_41065341.mp3	5148
common_voice_fr_40928808.mp3	6048
common_voice_fr_41065354.mp3	3492
common_voice_fr_41020280.mp3	5400
common_voice_fr_41194979.mp3	4860
common_voice_fr_41131317.mp3	2124
common_voice_fr_41020939.mp3	5220
common_voice_fr_40954169.mp3	2988
common_voice_fr_41155430.mp3	4428
common_voice_fr_41023907.mp3	4968
common_voice_fr_41062946.mp3	5796
common_voice_fr_40887178.mp3	4860
common_voice_fr_41106184.mp3	2808
common_voice_fr_40968011.mp3	4968
common_voice_fr_40987657.mp3	4176
common_voice_fr_40891829.mp3	8100
common_voice_fr_40928801.mp3	6840
common_voice_fr_40928817.mp3	5796
common_voice_fr_40954104.mp3	4536
common_voice_fr_41071799.mp3	7848
common_voice_fr_41022414.mp3	3132
common_voice_fr_41029062.mp3	4320
common_voice_fr_41022477.mp3	5220
common_voice_fr_41209140.mp3	7128
common_voice_fr_41065390.mp3	6300
common_voice_fr_41082348.mp3	3492
common_voice_fr_41024098.mp3	5148
common_voice_fr_41082358.mp3	2628
common_voice_fr_41102638.mp3	3744
common_voice_fr_40889944.mp3	6984
common_voice_fr_40985259.mp3	4320
common_voice_fr_40954166.mp3	3744
common_voice_fr_41022367.mp3	3024
common_voice_fr_41021137.mp3	2628
common_voice_fr_41020953.mp3	4212
common_voice_fr_41024003.mp3	6840
common_voice_fr_41171944.mp3	5400
common_voice_fr_40928783.mp3	7308
common_voice_fr_41024148.mp3	4356
common_voice_fr_41022393.mp3	1800
common_voice_fr_40899632.mp3	4608
common_voice_fr_40896137.mp3	4068
common_voice_fr_40972241.mp3	3960
common_voice_fr_41024033.mp3	6120
common_voice_fr_41024150.mp3	4140
common_voice_fr_41131339.mp3	6120
common_voice_fr_41106162.mp3	6948
common_voice_fr_40985251.mp3	6516
common_voice_fr_41155518.mp3	3528
common_voice_fr_41065404.mp3	4680
common_voice_fr_40926506.mp3	4248
common_voice_fr_41065368.mp3	4932
common_voice_fr_40954109.mp3	5616
common_voice_fr_41100475.mp3	5148
common_voice_fr_40873495.mp3	7488
common_voice_fr_40871160.mp3	4140
common_voice_fr_41072146.mp3	3636
common_voice_fr_41105038.mp3	7776
common_voice_fr_40910516.mp3	5004
common_voice_fr_41020995.mp3	5076
common_voice_fr_41024203.mp3	3996
common_voice_fr_40961779.mp3	6660
common_voice_fr_41084269.mp3	2916
common_voice_fr_41024072.mp3	5508
common_voice_fr_40982178.mp3	5004
common_voice_fr_41065358.mp3	2952
common_voice_fr_41065327.mp3	4104
common_voice_fr_40928775.mp3	6804
common_voice_fr_40908311.mp3	5436
common_voice_fr_41106163.mp3	6336
common_voice_fr_40928975.mp3	6696
common_voice_fr_41208972.mp3	6876
common_voice_fr_41065398.mp3	4752
common_voice_fr_40954099.mp3	6732
common_voice_fr_40945422.mp3	8280
common_voice_fr_40968018.mp3	2592
common_voice_fr_41024094.mp3	2808
common_voice_fr_41021030.mp3	6408
common_voice_fr_40908368.mp3	3420
common_voice_fr_41021104.mp3	4104
common_voice_fr_41024076.mp3	4896
common_voice_fr_41209017.mp3	7236
common_voice_fr_40884080.mp3	4140
common_voice_fr_41034027.mp3	8748
common_voice_fr_41102685.mp3	3924
common_voice_fr_41034043.mp3	6228
common_voice_fr_40908335.mp3	2700
common_voice_fr_40928804.mp3	5328
common_voice_fr_41105042.mp3	5040
common_voice_fr_41024164.mp3	4068
common_voice_fr_40961781.mp3	6228
common_voice_fr_40937580.mp3	2952
common_voice_fr_41071847.mp3	5076
common_voice_fr_41054900.mp3	7308
common_voice_fr_41023908.mp3	6048
common_voice_fr_40871136.mp3	5976
common_voice_fr_41063543.mp3	5256
common_voice_fr_41022474.mp3	4356
common_voice_fr_41071851.mp3	5580
common_voice_fr_41065415.mp3	3996
common_voice_fr_41022426.mp3	3132
common_voice_fr_40911758.mp3	6372
common_voice_fr_41102683.mp3	4536
common_voice_fr_40908373.mp3	5544
common_voice_fr_40928819.mp3	6300
common_voice_fr_40908386.mp3	5220
common_voice_fr_40954107.mp3	6156
common_voice_fr_41106202.mp3	5580
common_voice_fr_41022451.mp3	5364
common_voice_fr_41022199.mp3	4788
common_voice_fr_41023887.mp3	6480
common_voice_fr_41022241.mp3	2340
common_voice_fr_41024091.mp3	6300
common_voice_fr_41024205.mp3	4644
common_voice_fr_40985268.mp3	5004
common_voice_fr_41155488.mp3	4176
common_voice_fr_41208882.mp3	11268
common_voice_fr_40954126.mp3	3744
common_voice_fr_41082357.mp3	5580
common_voice_fr_41007274.mp3	6876
common_voice_fr_41100439.mp3	4176
common_voice_fr_41102647.mp3	4068
common_voice_fr_40954134.mp3	5328
common_voice_fr_40937581.mp3	7128
common_voice_fr_40985291.mp3	4248
common_voice_fr_40884083.mp3	6588
common_voice_fr_41034068.mp3	4752
common_voice_fr_40985318.mp3	4788
common_voice_fr_40908170.mp3	3420
common_voice_fr_41023905.mp3	6300
common_voice_fr_41084267.mp3	4608
common_voice_fr_41155408.mp3	4176
common_voice_fr_41024145.mp3	5796
common_voice_fr_40908317.mp3	5148
common_voice_fr_40910557.mp3	4680
common_voice_fr_40908327.mp3	4428
common_voice_fr_40979107.mp3	4968
common_voice_fr_41022432.mp3	2952
common_voice_fr_41155503.mp3	6120
common_voice_fr_41100447.mp3	5544
common_voice_fr_40922330.mp3	5940
common_voice_fr_40911756.mp3	4068
common_voice_fr_41023997.mp3	5148
common_voice_fr_40985261.mp3	5976
common_voice_fr_40985326.mp3	6804
common_voice_fr_41021141.mp3	2916
common_voice_fr_41131360.mp3	5256
common_voice_fr_40908274.mp3	3060
common_voice_fr_41024030.mp3	4896
common_voice_fr_41034071.mp3	4932
common_voice_fr_41024198.mp3	4104
common_voice_fr_40908331.mp3	5796
common_voice_fr_41084272.mp3	4248
common_voice_fr_41065347.mp3	3672
common_voice_fr_41024103.mp3	2628
common_voice_fr_40908271.mp3	4896
common_voice_fr_41155428.mp3	5688
common_voice_fr_41084260.mp3	4680
common_voice_fr_41023976.mp3	6048
common_voice_fr_41034076.mp3	4572
common_voice_fr_41022401.mp3	3132
common_voice_fr_41024132.mp3	3348
common_voice_fr_41102651.mp3	4140
common_voice_fr_41131281.mp3	3600
common_voice_fr_41022438.mp3	1584
common_voice_fr_41194981.mp3	6480
common_voice_fr_40908270.mp3	6012
common_voice_fr_41021040.mp3	3780
common_voice_fr_40954140.mp3	5724
common_voice_fr_41024200.mp3	3780
common_voice_fr_41131279.mp3	1296
common_voice_fr_41145289.mp3	5436
common_voice_fr_41084268.mp3	4356
common_voice_fr_41155449.mp3	4680
common_voice_fr_41023938.mp3	3780
common_voice_fr_41102687.mp3	3420
common_voice_fr_41023920.mp3	6516
common_voice_fr_41022464.mp3	4428
common_voice_fr_41024031.mp3	5616
common_voice_fr_40871152.mp3	8100
common_voice_fr_41022449.mp3	2340
common_voice_fr_41007276.mp3	6408
common_voice_fr_41065313.mp3	5040
common_voice_fr_41155465.mp3	5976
common_voice_fr_41063544.mp3	5436
common_voice_fr_41167701.mp3	4104
common_voice_fr_40915759.mp3	5220
common_voice_fr_41131282.mp3	3240
common_voice_fr_40972242.mp3	3780
common_voice_fr_41144022.mp3	2556
common_voice_fr_41106172.mp3	3960
common_voice_fr_41024097.mp3	3276
common_voice_fr_40985260.mp3	3708
common_voice_fr_41194973.mp3	6048
common_voice_fr_41023958.mp3	5148
common_voice_fr_41072142.mp3	7164
common_voice_fr_41065285.mp3	2556
common_voice_fr_41022396.mp3	2736
common_voice_fr_40972189.mp3	6012
common_voice_fr_41106190.mp3	4824
common_voice_fr_41065342.mp3	4716
common_voice_fr_41024134.mp3	4680
common_voice_fr_41208980.mp3	4680
common_voice_fr_41034100.mp3	4068
common_voice_fr_40881991.mp3	7452
common_voice_fr_40954139.mp3	5652
common_voice_fr_40968019.mp3	4392
common_voice_fr_41022501.mp3	3024
common_voice_fr_41100456.mp3	4896
common_voice_fr_40954156.mp3	5004
common_voice_fr_41023925.mp3	5256
common_voice_fr_41082354.mp3	6768
common_voice_fr_41022508.mp3	2700
common_voice_fr_40937583.mp3	6480
common_voice_fr_40874511.mp3	3096
common_voice_fr_41065322.mp3	5076
common_voice_fr_40871162.mp3	4896
common_voice_fr_41165894.mp3	2664
common_voice_fr_41131366.mp3	2592
common_voice_fr_40985284.mp3	3816
common_voice_fr_41100453.mp3	2772
common_voice_fr_40873494.mp3	4608
common_voice_fr_41106221.mp3	3168
common_voice_fr_41024106.mp3	4536
common_voice_fr_41020605.mp3	5292
common_voice_fr_41071839.mp3	5076
common_voice_fr_41034104.mp3	3924
common_voice_fr_41065286.mp3	5364
common_voice_fr_40874503.mp3	12888
common_voice_fr_40908354.mp3	2412
common_voice_fr_41022418.mp3	4500
common_voice_fr_40871163.mp3	3096
common_voice_fr_41024016.mp3	4716
common_voice_fr_41145287.mp3	6876
common_voice_fr_41034053.mp3	4896
common_voice_fr_41022204.mp3	3348
common_voice_fr_40954105.mp3	3636
common_voice_fr_41020969.mp3	3024
common_voice_fr_40881983.mp3	7200
common_voice_fr_41194982.mp3	5616
common_voice_fr_41022390.mp3	4680
common_voice_fr_41021027.mp3	5256
common_voice_fr_41105044.mp3	6660
common_voice_fr_41034059.mp3	5112
common_voice_fr_41024056.mp3	4536
common_voice_fr_41065380.mp3	4068
common_voice_fr_41022129.mp3	3600
common_voice_fr_41022168.mp3	3996
common_voice_fr_41021053.mp3	4392
common_voice_fr_41084281.mp3	3420
common_voice_fr_41022459.mp3	2196
common_voice_fr_41065294.mp3	2340
common_voice_fr_41065412.mp3	3960
common_voice_fr_41034101.mp3	3816
common_voice_fr_40899636.mp3	5580
common_voice_fr_41024042.mp3	4860
common_voice_fr_40889943.mp3	7164
common_voice_fr_40928765.mp3	7776
common_voice_fr_41022159.mp3	1800
common_voice_fr_41022215.mp3	1800
common_voice_fr_41034064.mp3	5724
common_voice_fr_40985288.mp3	6012
common_voice_fr_41024053.mp3	3600
common_voice_fr_41024000.mp3	5040
common_voice_fr_41022101.mp3	3060
common_voice_fr_41022369.mp3	4284
common_voice_fr_41029060.mp3	4752
common_voice_fr_40926513.mp3	2772
common_voice_fr_40954130.mp3	5940
common_voice_fr_41065389.mp3	4608
common_voice_fr_41214058.mp3	4716
common_voice_fr_41021107.mp3	5688
common_voice_fr_40884078.mp3	6048
common_voice_fr_41024067.mp3	4428
common_voice_fr_41024075.mp3	4680
common_voice_fr_40985275.mp3	3672
common_voice_fr_40968016.mp3	6516
common_voice_fr_41071850.mp3	3528
common_voice_fr_41022091.mp3	4356
common_voice_fr_40985321.mp3	4500
common_voice_fr_40985324.mp3	2844
common_voice_fr_41022425.mp3	3420
common_voice_fr_41020966.mp3	3996
common_voice_fr_41022497.mp3	3888
common_voice_fr_41071828.mp3	3708
common_voice_fr_41022476.mp3	2088
common_voice_fr_41209141.mp3	7740
common_voice_fr_40928156.mp3	7632
common_voice_fr_40932700.mp3	5940
common_voice_fr_41034099.mp3	4608
common_voice_fr_41024217.mp3	4536
common_voice_fr_41054898.mp3	6768
common_voice_fr_41102677.mp3	4572
common_voice_fr_41023904.mp3	4860
common_voice_fr_41071848.mp3	5148
common_voice_fr_41022398.mp3	1584
common_voice_fr_41022511.mp3	4536
common_voice_fr_41166106.mp3	3888
common_voice_fr_41166011.mp3	4932
common_voice_fr_40985194.mp3	5688
common_voice_fr_40954102.mp3	3888
common_voice_fr_41034084.mp3	2988
common_voice_fr_41034048.mp3	4356
common_voice_fr_41208845.mp3	7884
common_voice_fr_41071832.mp3	3024
common_voice_fr_40985233.mp3	4716
common_voice_fr_40928766.mp3	6624
common_voice_fr_41022489.mp3	5328
common_voice_fr_41022225.mp3	4752
common_voice_fr_41022479.mp3	2520
common_voice_fr_41082350.mp3	5652
common_voice_fr_41034034.mp3	3852
common_voice_fr_41024201.mp3	2988
common_voice_fr_41065401.mp3	4896
common_voice_fr_41072145.mp3	4068
common_voice_fr_41034057.mp3	5112
common_voice_fr_40908375.mp3	3852
common_voice_fr_41024034.mp3	4968
common_voice_fr_40908348.mp3	7128
common_voice_fr_40888140.mp3	3348
common_voice_fr_41023946.mp3	2988
common_voice_fr_41194971.mp3	7956
common_voice_fr_40908339.mp3	3852
common_voice_fr_41034067.mp3	6408
common_voice_fr_41106166.mp3	4356
common_voice_fr_40889985.mp3	5580
common_voice_fr_41024093.mp3	3600
common_voice_fr_40888153.mp3	5364
common_voice_fr_41020991.mp3	5580
common_voice_fr_41065288.mp3	3564
common_voice_fr_41100454.mp3	4896
common_voice_fr_41022157.mp3	3240
common_voice_fr_41082346.mp3	5148
common_voice_fr_40890914.mp3	5688
common_voice_fr_40954097.mp3	5544
common_voice_fr_41100474.mp3	6156
common_voice_fr_41166061.mp3	5256
common_voice_fr_41208947.mp3	9720
common_voice_fr_41208989.mp3	6156
common_voice_fr_41022430.mp3	3600
common_voice_fr_40908312.mp3	5400
common_voice_fr_41022458.mp3	4212
common_voice_fr_41071846.mp3	5400
common_voice_fr_41155448.mp3	6120
common_voice_fr_41071827.mp3	5796
common_voice_fr_41065314.mp3	4284
common_voice_fr_41020603.mp3	5580
common_voice_fr_41102664.mp3	4140
common_voice_fr_41022447.mp3	4536
common_voice_fr_41022144.mp3	4968
common_voice_fr_41034062.mp3	5040
common_voice_fr_41100476.mp3	4896
common_voice_fr_41074124.mp3	5580
common_voice_fr_41022186.mp3	4032
common_voice_fr_41106189.mp3	3492
common_voice_fr_41144024.mp3	6480
common_voice_fr_41022471.mp3	1944
common_voice_fr_41024196.mp3	2772
common_voice_fr_40884075.mp3	6408
common_voice_fr_40925701.mp3	4500
common_voice_fr_41166015.mp3	3456
common_voice_fr_40925706.mp3	3240
common_voice_fr_41024146.mp3	5868
common_voice_fr_41021026.mp3	5220
common_voice_fr_41071837.mp3	3312
common_voice_fr_40889979.mp3	8028
common_voice_fr_41022412.mp3	4284
common_voice_fr_40888152.mp3	4392
common_voice_fr_40887932.mp3	2268
common_voice_fr_40887930.mp3	9576
common_voice_fr_41155429.mp3	4536
common_voice_fr_41062940.mp3	3852
common_voice_fr_41084252.mp3	5328
common_voice_fr_40985210.mp3	6048
common_voice_fr_41208832.mp3	3240
common_voice_fr_41020956.mp3	3888
common_voice_fr_41034073.mp3	5256
common_voice_fr_41023977.mp3	5796
common_voice_fr_40985282.mp3	3636
common_voice_fr_40961773.mp3	6156
common_voice_fr_41194978.mp3	5760
common_voice_fr_41102648.mp3	5688
common_voice_fr_41065323.mp3	4500
common_voice_fr_41071798.mp3	3636
common_voice_fr_40928777.mp3	5184
common_voice_fr_41072155.mp3	5220
common_voice_fr_41094920.mp3	8496
common_voice_fr_41084284.mp3	4896
common_voice_fr_40979108.mp3	3312
common_voice_fr_41065363.mp3	4536
common_voice_fr_41084279.mp3	4320
common_voice_fr_41020940.mp3	6696
common_voice_fr_41034093.mp3	4752
common_voice_fr_41084256.mp3	4680
common_voice_fr_40928798.mp3	5652
common_voice_fr_41102692.mp3	3384
common_voice_fr_40954145.mp3	4932
common_voice_fr_41024206.mp3	4032
common_voice_fr_41020993.mp3	5292
common_voice_fr_41065408.mp3	5184
common_voice_fr_41024160.mp3	4500
common_voice_fr_40871157.mp3	3960
common_voice_fr_41100464.mp3	3996
common_voice_fr_41100477.mp3	5436
common_voice_fr_41155425.mp3	6228
common_voice_fr_41103493.mp3	7740
common_voice_fr_41024110.mp3	3816
common_voice_fr_40887931.mp3	10260
common_voice_fr_41100487.mp3	5832
common_voice_fr_41065335.mp3	4176
common_voice_fr_40954096.mp3	3960
common_voice_fr_40951448.mp3	4788
common_voice_fr_41199406.mp3	2844
common_voice_fr_40884433.mp3	3204
common_voice_fr_41022174.mp3	4176
common_voice_fr_41020598.mp3	3708
common_voice_fr_41022175.mp3	4536
common_voice_fr_40926509.mp3	3420
common_voice_fr_40899633.mp3	5940
common_voice_fr_41024129.mp3	3060
common_voice_fr_40954131.mp3	4608
common_voice_fr_41092854.mp3	4572
common_voice_fr_40925689.mp3	6300
common_voice_fr_41024163.mp3	3816
common_voice_fr_41022462.mp3	1620
common_voice_fr_40928800.mp3	7200
common_voice_fr_41131349.mp3	3636
common_voice_fr_40945426.mp3	4068
common_voice_fr_41208973.mp3	4392
common_voice_fr_41024004.mp3	5256
common_voice_fr_41106205.mp3	5832
common_voice_fr_41167699.mp3	4932
common_voice_fr_40972190.mp3	5220
common_voice_fr_40937585.mp3	4644
common_voice_fr_41065357.mp3	3780
common_voice_fr_40908332.mp3	5724
common_voice_fr_40928976.mp3	6696
common_voice_fr_41022434.mp3	4104
common_voice_fr_41023898.mp3	7020
common_voice_fr_41020952.mp3	3168
common_voice_fr_41102649.mp3	3492
common_voice_fr_40972191.mp3	5796
common_voice_fr_41034047.mp3	5544
common_voice_fr_41082333.mp3	5328
common_voice_fr_41084251.mp3	4608
common_voice_fr_40908384.mp3	5436
common_voice_fr_41023960.mp3	4860
common_voice_fr_40954128.mp3	2988
common_voice_fr_40928796.mp3	6840
common_voice_fr_41208842.mp3	6048
common_voice_fr_41072149.mp3	3420
common_voice_fr_40899630.mp3	9360
common_voice_fr_40908299.mp3	3060
common_voice_fr_41020282.mp3	5148
common_voice_fr_40954122.mp3	3888
common_voice_fr_40908321.mp3	4392
common_voice_fr_41165890.mp3	4968
common_voice_fr_40985267.mp3	4248
common_voice_fr_41023900.mp3	4716
common_voice_fr_41034098.mp3	5796
common_voice_fr_41065338.mp3	4104
common_voice_fr_41100446.mp3	5004
common_voice_fr_41071812.mp3	8244
common_voice_fr_40908347.mp3	7164
common_voice_fr_40881981.mp3	4320
common_voice_fr_41082328.mp3	6552
common_voice_fr_41034033.mp3	4176
common_voice_fr_41155461.mp3	2880
common_voice_fr_41208801.mp3	7956
common_voice_fr_41155489.mp3	3528
common_voice_fr_41082331.mp3	3600
common_voice_fr_41155484.mp3	5508
common_voice_fr_41065356.mp3	2484
common_voice_fr_40896135.mp3	6228
common_voice_fr_41034030.mp3	3636
common_voice_fr_41096692.mp3	4104
common_voice_fr_41102667.mp3	4212
common_voice_fr_40884084.mp3	5256
common_voice_fr_41034081.mp3	5832
common_voice_fr_41020618.mp3	7200
common_voice_fr_41022386.mp3	3096
common_voice_fr_41102700.mp3	3960
common_voice_fr_41131316.mp3	5184
common_voice_fr_41062951.mp3	5436
common_voice_fr_40925700.mp3	7128
common_voice_fr_41082332.mp3	5544
common_voice_fr_41058870.mp3	4248
common_voice_fr_41102715.mp3	3312
common_voice_fr_41065343.mp3	5076
common_voice_fr_41034025.mp3	3312
common_voice_fr_41100450.mp3	6408
common_voice_fr_40928786.mp3	5400
common_voice_fr_41088800.mp3	3168
common_voice_fr_41071819.mp3	6300
common_voice_fr_41214057.mp3	6120
common_voice_fr_40928820.mp3	4752
common_voice_fr_40985234.mp3	6300
common_voice_fr_41208945.mp3	9108
common_voice_fr_41020937.mp3	3924
common_voice_fr_41034031.mp3	4284
common_voice_fr_41106237.mp3	4716
common_voice_fr_41155447.mp3	4500
common_voice_fr_41023981.mp3	4428
common_voice_fr_41022184.mp3	1476
common_voice_fr_41022404.mp3	3024
common_voice_fr_41155464.mp3	5508
common_voice_fr_40886013.mp3	4248
common_voice_fr_40896119.mp3	4608
common_voice_fr_41189684.mp3	5688
common_voice_fr_41021108.mp3	2628
common_voice_fr_41100482.mp3	5940
common_voice_fr_41058873.mp3	5940
common_voice_fr_41023968.mp3	6048
common_voice_fr_40908320.mp3	5472
common_voice_fr_41022385.mp3	3492
common_voice_fr_40923103.mp3	5220
common_voice_fr_40908396.mp3	5976
common_voice_fr_40985312.mp3	3636
common_voice_fr_41034072.mp3	6480
common_voice_fr_41084265.mp3	3456
common_voice_fr_40891832.mp3	3780
common_voice_fr_41208794.mp3	8604
common_voice_fr_40888143.mp3	3348
common_voice_fr_41024069.mp3	4608
common_voice_fr_41155519.mp3	3780
common_voice_fr_41024193.mp3	4284
common_voice_fr_41084257.mp3	4896
common_voice_fr_41072150.mp3	5364
common_voice_fr_40932699.mp3	4860
common_voice_fr_40925672.mp3	6840
common_voice_fr_41023944.mp3	5256
common_voice_fr_41024142.mp3	2196
common_voice_fr_40954159.mp3	4248
common_voice_fr_41034029.mp3	4896
common_voice_fr_40891830.mp3	6768
common_voice_fr_41065382.mp3	2916
common_voice_fr_40908401.mp3	4896
common_voice_fr_41022466.mp3	3348
common_voice_fr_40884086.mp3	8208
common_voice_fr_40871139.mp3	5508
common_voice_fr_40908350.mp3	5220
common_voice_fr_41029054.mp3	3960
common_voice_fr_41024131.mp3	2268
common_voice_fr_41105048.mp3	8244
common_voice_fr_41024052.mp3	4680
common_voice_fr_41034021.mp3	2664
common_voice_fr_41023956.mp3	7056
common_voice_fr_40874508.mp3	4356
common_voice_fr_41065318.mp3	3456
common_voice_fr_41022127.mp3	4716
common_voice_fr_41054914.mp3	4248
common_voice_fr_41106171.mp3	4320
common_voice_fr_41034069.mp3	5832
common_voice_fr_40908308.mp3	3924
common_voice_fr_41102669.mp3	6012
common_voice_fr_41062942.mp3	4500
common_voice_fr_40890913.mp3	12096
common_voice_fr_40896131.mp3	8352
common_voice_fr_41024223.mp3	5724
common_voice_fr_41034075.mp3	5220
common_voice_fr_41065414.mp3	4104
common_voice_fr_40908362.mp3	4500
common_voice_fr_40928811.mp3	8568
common_voice_fr_40874510.mp3	5328
common_voice_fr_41022500.mp3	6228
common_voice_fr_40925708.mp3	4428
common_voice_fr_41208988.mp3	3708
common_voice_fr_40928813.mp3	5256
common_voice_fr_40954094.mp3	7524
common_voice_fr_41192730.mp3	6372
common_voice_fr_41020954.mp3	3564
common_voice_fr_41024204.mp3	6660
common_voice_fr_40968020.mp3	4104
common_voice_fr_40923864.mp3	4608
common_voice_fr_40954123.mp3	4104
common_voice_fr_41022173.mp3	4932
common_voice_fr_40871138.mp3	12060
common_voice_fr_40954113.mp3	5292
common_voice_fr_40923096.mp3	4608
common_voice_fr_41131280.mp3	2988
common_voice_fr_40908325.mp3	4068
common_voice_fr_40952139.mp3	15300
common_voice_fr_41062950.mp3	6300
common_voice_fr_41065292.mp3	4428
common_voice_fr_41065344.mp3	1944
common_voice_fr_41106169.mp3	5148
common_voice_fr_41084258.mp3	4320
common_voice_fr_41208946.mp3	10980
